"Status","Start Time","Stop Time","Duration in ms","Parent Suite","Suite","Sub Suite","Test Class","Test Method","Name","Description"
"failed","Mon Aug 19 10:30:20 CST 2019","Mon Aug 19 10:30:20 CST 2019","0","","baog","","","","test_3",""
"passed","Mon Aug 19 10:30:20 CST 2019","Mon Aug 19 10:30:20 CST 2019","0","","baog","","","","test_5",""
"passed","Mon Aug 19 10:30:20 CST 2019","Mon Aug 19 10:30:20 CST 2019","1","","baog","","","","test_7",""
"passed","Mon Aug 19 10:30:20 CST 2019","Mon Aug 19 10:30:20 CST 2019","0","","baog","","","","test_10",""
"passed","Mon Aug 19 10:30:20 CST 2019","Mon Aug 19 10:30:20 CST 2019","0","","baog","","","","test_case",""
"passed","Mon Aug 19 10:30:20 CST 2019","Mon Aug 19 10:30:20 CST 2019","0","","baog","","","","test_4","
    这是对函数的参数、返回值的一个注释
    自我感觉老牛逼
    "
"passed","Mon Aug 19 10:30:20 CST 2019","Mon Aug 19 10:30:20 CST 2019","0","","baog","","","","test_6",""
"passed","Mon Aug 19 10:30:20 CST 2019","Mon Aug 19 10:30:20 CST 2019","0","","baog","","","","test_2",""
"passed","Mon Aug 19 10:30:20 CST 2019","Mon Aug 19 10:30:20 CST 2019","0","","baog","","","","test_1",""
"passed","Mon Aug 19 10:30:20 CST 2019","Mon Aug 19 10:30:20 CST 2019","0","","baog","","","","test_9",""
"passed","Mon Aug 19 10:30:20 CST 2019","Mon Aug 19 10:30:20 CST 2019","0","","baog","","","","test_8",""
